[
    {
        "name": "Level 4 - The Snake",
        "color": "#887000",
        "chest_opened_img": "images/getitem.png",
        "access_rules": ["z1raft"],
        "children":[
            {
                "name": "Front",
                "children":[
                    {
                        "name": "Map 70 - Kill Keese",
                        "map_locations":[
                            {
                                "map":"level4",
                                "x": 151,
                                "y": 1321,
                                "size": 48
                            },
                            {
                                "map":"dungeons1",
                                "x": 75,
                                "y": 658,
                                "size": 48
                            }
                        ],
                        "sections": [
                            {
                                "name":"Kill Keese",
                                "item_count":1,
                                "access_rules":["z1boom","@CanKillMostZ1Things"]
                            }
                        ]
                    },
                    {
                        "name": "Map 62 - Compass",
                        "map_locations":[
                            {
                                "map":"level4",
                                "x": 648,
                                "y": 1127,
                                "size": 48
                            },
                            {
                                "map":"dungeons1",
                                "x": 324,
                                "y": 564,
                                "size": 48
                            }
                        ],
                        "sections": [
                            {
                                "name":"Compass",
                                "item_count":1
                            }
                        ]
                    },
                    {
                        "name": "Map 51 - Keese Item",
                        "map_locations":[
                            {
                                "map":"level4",
                                "x": 407,
                                "y": 969,
                                "size": 48
                            },
                            {
                                "map":"dungeons1",
                                "x": 201,
                                "y": 481,
                                "size": 48
                            }
                        ],
                        "sections": [
                            {
                                "name":"Keese Item",
                                "item_count":1
                            }
                        ]
                    },
                    {
                        "name": "Map 40 - Zol Item",
                        "map_locations":[
                            {
                                "map":"level4",
                                "x": 135,
                                "y": 777,
                                "size": 48
                            },
                            {
                                "map":"dungeons1",
                                "x": 65,
                                "y": 385,
                                "size": 48
                            }
                        ],
                        "sections": [
                            {
                                "name":"Zol Item",
                                "item_count":1
                            }
                        ]
                    },
                    {
                        "name": "Hidden Stairs item",
                        "map_locations":[
                            {
                                "map":"level4",
                                "x": 647,
                                "y": 790,
                                "size": 48
                            },
                            {
                                "map":"dungeons1",
                                "x": 361,
                                "y": 282,
                                "size": 48
                            }
                        ],
                        "sections": [
                            {
                                "name":"Ladder",
                                "item_count":1,
                                "access_rules":["@CanKillMostZ1Things"]
                            }
                        ]
                    },
                    {
                        "name": "Map 21 - Map",
                        "map_locations":[
                            {
                                "map":"level4",
                                "x": 471,
                                "y": 487,
                                "size": 48
                            },
                            {
                                "map":"dungeons1",
                                "x": 234,
                                "y": 232,
                                "size": 48
                            }
                        ],
                        "sections": [
                            {
                                "name":"Map",
                                "capture_item": true,
                                "access_rules":["z1ladder","{}"],
                                "item_count":1
                            }
                        ]
                    }
                ]
            },
            {
                "name":"Back",
                "access_rules":["z1ladder"],
                "children":[                    
                    {
                        "name": "Map 01 - Keese Item",
                        "map_locations":[
                            {
                                "map":"level4",
                                "x": 391,
                                "y": 73,
                                "size": 48
                            },
                            {
                                "map":"dungeons1",
                                "x": 195,
                                "y": 36,
                                "size": 48
                            }
                        ],
                        "sections": [
                            {
                                "name":"Keese Item",
                                "item_count":1,
                                "access_rules":["z1bomb","@CanKillDarknuts"]
                            }
                        ]
                    },                    
                    {
                        "name": "Map 13 - Kill Boss",
                        "map_locations":[
                            {
                                "map":"level4",
                                "x": 983,
                                "y": 314,
                                "size": 48
                            },
                            {
                                "map":"dungeons1",
                                "x": 490,
                                "y": 154,
                                "size": 48
                            }
                        ],
                        "sections": [
                            {
                                "name":"Kill Boss",
                                "item_count":1,
                                "chest_unopened_img":"images/levelfourboss.png",
                                "access_rules":["@CanKillGleeok"]
                            }
                        ]
                    },                    
                    {
                        "name": "Level 4 Prize",
                        "map_locations":[
                            {
                                "map":"level4",
                                "x": 895,
                                "y": 93,
                                "size": 48
                            },
                            {
                                "map":"dungeons1",
                                "x": 446,
                                "y": 44,
                                "size": 48
                            }
                        ],
                        "sections": [
                            {
                                "name":"Triforce",
                                "item_count":1,
                                "chest_unopened_img":"images/z-triforceicon.png",
                                "access_rules":["@CanKillGleeok"],
                                "hosted_item":"z1tri4"
                            }
                        ]
                    }
                ]
            }
        ]
    }
]