
[
	{
		"name": "H8 - Wood Sword",
		"short_name": "H8",
		"map_locations": 
		[
			{
				"map": "hyrule",
				"x": 980,
				"y": 676,
				"size": 48
			}
		],
		"sections":
		[
			{
				"name": "Open Cave",
				"capture_item": true,
				"item_count": 1,
				"chest_unopened_img": "images/sections/opencave.png",
				"chest_opened_img": "images/sections/opencave.png"
			}
		]
	},
	{
		"name": "K1 - First Quest White Sword",
		"short_name": "K1",
		"map_locations": 
		[
			{
				"map": "hyrule",
				"x": 1348,
				"y": 60,
				"size": 48
			}
		],
		"sections":
		[
			{
				"name": "Open Cave",
				"capture_item": true,
				"item_count": 1,
				"access_rules": [ "z1heart:2", "{}" ],
				"chest_unopened_img": "images/sections/opencave.png",
				"chest_opened_img": "images/sections/opencave.png"
			}
		]
	},
	{
		"name": "B3 - First Quest Magic Sword",
		"short_name": "B3",
		"map_locations": 
		[
			{
				"map": "hyrule",
				"x": 252,
				"y": 268,
				"size": 48
			}
		],
		"sections":
		[
			{
				"name": "Push Grave",
				"capture_item": true,
				"item_count": 1,
				"access_rules": [ "z1heart:9", "{}" ],
                "chest_unopened_img": "images/sections/grave.png"
			}
		]
	},
	{
		"name": "M3 - Monocle Rock",
		"short_name": "Monocle Rock",
		"access_rules": [  ],
		"map_locations": 
		[
			{
				"map": "hyrule",
				"x": 1660,
				"y": 276,
				"size": 48
			}
		],
		"sections":
		[
			{
				"name": "Bomb Wall",
				"capture_item": true,
				"item_count": 1,
				"chest_unopened_img": "images/sections/bombwall.png",
				"chest_opened_img": "images/sections/opencave.png"
			}
		]
	},
	{
		"name": "E3 - Graveyard Armos",
		"short_name": "E3",
		"map_locations": 
		[
			{
				"map": "hyrule",
				"x": 628,
				"y": 260,
				"size": 48
			}
		],
		"sections":
		[
			{
				"name": "Under Armos",
				"capture_item": true,
				"item_count": 1,
				"chest_unopened_img": "images/sections/armos.png"
			}
		]
	},
	{
		"name": "P6 - Overworld Item",
		"short_name": "P6",
		"map_locations": 
		[
			{
				"map": "hyrule",
				"x": 2068,
				"y": 532,
				"size": 48
			}
		],
		"sections":
		[
			{
				"name": "Use Ladder",
				"capture_item": true,
				"item_count": 1,
				"access_rules": [ "z1ladder", "{}" ],
				"chest_unopened_img": "images/sections/ladderwater.png",
				"chest_opened_img": "images/sections/bridge.png"
			}
		]
	},
	{
		"name": "P3 - Raft Spot",
		"short_name": "P3",
		"access_rules": [ "z1raft" ],
		"map_locations": 
		[
			{
				"map": "hyrule",
				"x": 2020,
				"y": 268,
				"size": 48
			}
		],
		"sections":
		[
			{
				"name": "Raft from P4",
				"capture_item": true,
				"item_count": 1,
				"chest_unopened_img": "images/sections/raftwater.png"
			}
		]
	},
	{
		"name": "O1 - First Quest Letter",
		"short_name": "O1",
		"map_locations": 
		[
			{
				"map": "hyrule",
				"x": 1884,
				"y": 84,
				"size": 48
			}
		],
		"sections":
		[
			{
				"name": "Open Cave",
				"capture_item": true,
				"item_count": 1,
				"chest_unopened_img": "images/sections/opencave.png"
			}
		]
	},
	{
		"name": "L8 - Bomb Wall",
		"short_name": "L8",
		"access_rules": [  ],
		"map_locations": 
		[
			{
				"map": "hyrule",
				"x": 1532,
				"y": 676,
				"size": 48
			}
		],
		"sections":
		[
			{
				"name": "Bomb Wall",
				"capture_item": true,
				"item_count": 1,
                "chest_unopened_img": "images/sections/bombwall.png",
				"chest_opened_img": "images/sections/opencave.png"
			}
		]
	},
	{
		"name": "H5 - Burn Bush",
		"short_name": "H5",
		"access_rules": [ "z1candle" ],
		"map_locations": 
		[
			{
				"map": "hyrule",
				"x": 1036,
				"y": 460,
				"size": 48
			}
		],
		"sections":
		[
			{
				"name": "Burn Bush",
				"capture_item": true,
				"item_count": 1,
                "chest_unopened_img": "images/sections/burnbush.png",
				"chest_opened_img": "images/sections/opencave.png"
			}
		]
	},
	{
		"name": "H4 - Level 1",
		"short_name": "H4",
		"map_locations": 
		[
			{
				"map": "hyrule",
				"x": 1004,
				"y": 348,
				"size": 48
			}
		],
		"sections":
		[
			{
				"name": "Open Cave",
				"capture_item": true,
				"item_count": 5
			}
		]
	},
	{
		"name": "M4 - Level 2",
		"short_name": "M4",
		"map_locations": 
		[
			{
				"map": "hyrule",
				"x": 1644,
				"y": 348,
				"size": 48
			}
		],
		"sections":
		[
			{
				"name": "Open Cave",
				"capture_item": true,
				"item_count": 6
			}
		]
	},
	{
		"name": "E8 - Level 3",
		"short_name": "E8",
		"map_locations": 
		[
			{
				"map": "hyrule",
				"x": 628,
				"y": 700,
				"size": 48
			}
		],
		"sections":
		[
			{
				"name": "Open Cave",
				"capture_item": true,
				"item_count": 3
			}
		]
	},
	{
		"name": "F5 - Level 4",
		"short_name": "F5",
		"access_rules": [ "z1raft" ],
		"map_locations": 
		[
			{
				"map": "hyrule",
				"x": 756,
				"y": 436,
				"size": 48
			}
		],
		"sections":
		[
			{
				"name": "Raft from F6",
				"capture_item": true,
				"item_count": 3
			}
		]
	},
	{
		"name": "L1 - Level 5",
		"short_name": "L1",
		"map_locations": 
		[
			{
				"map": "hyrule",
				"x": 1516,
				"y": 84,
				"size": 48
			}
		],
		"sections":
		[
			{
				"name": "Open Cave",
				"capture_item": true,
				"item_count": 7
			}
		]
	},
	{
		"name": "C3 - Level 6",
		"short_name": "C3",
		"map_locations": 
		[
			{
				"map": "hyrule",
				"x": 368,
				"y": 260,
				"size": 48
			}
		],
		"sections":
		[
			{
				"name": "Open Cave",
				"capture_item": true,
				"item_count": 6
			}
		]
	},
	{
		"name": "C5 - Level 7",
		"short_name": "C5",
		"access_rules": [ "z1recorder" ],
		"map_locations": 
		[
			{
				"map": "hyrule",
				"x": 368,
				"y": 440,
				"size": 48
			}
		],
		"sections":
		[
			{
				"name": "Use Recorder",
				"capture_item": true,
				"item_count": 13
			}
		]
	},
	{
		"name": "N7 - Level 8",
		"short_name": "N7",
		"access_rules": [ "z1candle" ],
		"map_locations": 
		[
			{
				"map": "hyrule",
				"x": 1796,
				"y": 596,
				"size": 48
			}
		],
		"sections":
		[
			{
				"name": "Burn Bush",
				"capture_item": true,
				"item_count": 11
			}
		]
	},
	{
		"name": "F1 - Level 9 - Spectacle Rock",
		"short_name": "Spectacle Rock",
		"access_rules": [  ],
		"map_locations": 
			[
			{
				"map": "hyrule",
				"x": 732,
				"y": 100,
				"size": 48
			}
		],
		"sections":
		[
			{
				"name": "Bomb Wall",
				"capture_item": true,
				"item_count": 15
			}
		]
	}
]
		