[
  // Extra locations for specific non-blue doors that are replaced by key doors in keysanity.
  {
    "name": "CanOpenCrateriaSurfaceDoor",
    "access_rules": ["@CanUsePowerBombs"]
  },
  {
    "name": "CanOpenBombTorizoDoor",
    "access_rules": ["@CanOpenRedDoors"]
  },
  {
    "name": "CanOpenMoatDoor",
    "access_rules": ["@CanUsePowerBombs"]
  },
  {
    "name": "CanOpenIceBeamDoor",
    "access_rules": ["super"]
  },
  {
    "name": "CanOpenCathedralDoor",
    "access_rules": ["super"]
  },
  {
    "name": "CanAccessCrocomire",
    "access_rules": ["super"]
  }
]
