[
  // LTTP keys
  {
    "name": "Eastern Palace Big Key",
    "type": "toggle",
    "loop": "true",
    "img": "images/BigKey.png",
    "codes": "ep_bigkey"
  },
  {
    "name": "Desert Palace Big Key",
    "type": "toggle",
    "loop": "true",
    "img": "images/BigKey.png",
    "codes": "dp_bigkey"
  },
  {
    "name": "Desert Palace Small Key",
    "type": "consumable",
    "img": "images/SmallKey2.png",
    "codes": "dp_smallkey",
    "max_quantity": 1
  },
  {
    "name": "Tower of Hera Big Key",
    "type": "toggle",
    "loop": "true",
    "img": "images/BigKey.png",
    "codes": "toh_bigkey"
  },
  {
    "name": "Tower of Hera Small Key",
    "type": "consumable",
    "img": "images/SmallKey2.png",
    "codes": "toh_smallkey",
    "max_quantity": 1
  },
  {
    "name": "Palace of Darkness Big Key",
    "type": "toggle",
    "loop": "true",
    "img": "images/BigKey.png",
    "codes": "pod_bigkey"
  },
  {
    "name": "Palace of Darkness Small Key",
    "type": "consumable",
    "img": "images/SmallKey2.png",
    "codes": "pod_smallkey",
    "max_quantity": 6
  },
  {
    "name": "Swamp Palace Big Key",
    "type": "toggle",
    "loop": "true",
    "img": "images/BigKey.png",
    "codes": "sp_bigkey"
  },
  {
    "name": "Swamp Palace Small Key",
    "type": "consumable",
    "img": "images/SmallKey2.png",
    "codes": "sp_smallkey",
    "max_quantity": 1
  },
  {
    "name": "Skull Woods Big Key",
    "type": "toggle",
    "loop": "true",
    "img": "images/BigKey.png",
    "codes": "sw_bigkey"
  },
  {
    "name": "Skull Woods Small Key",
    "type": "consumable",
    "img": "images/SmallKey2.png",
    "codes": "sw_smallkey",
    "max_quantity": 3
  },
  {
    "name": "Thieves Town Big Key",
    "type": "toggle",
    "loop": "true",
    "img": "images/BigKey.png",
    "codes": "tt_bigkey"
  },
  {
    "name": "Thieves Town Small Key",
    "type": "consumable",
    "img": "images/SmallKey2.png",
    "codes": "tt_smallkey",
    "max_quantity": 1
  },
  {
    "name": "Ice Palace Big Key",
    "type": "toggle",
    "loop": "true",
    "img": "images/BigKey.png",
    "codes": "ip_bigkey"
  },
  {
    "name": "Ice Palace Small Key",
    "type": "consumable",
    "img": "images/SmallKey2.png",
    "codes": "ip_smallkey",
    "max_quantity": 2
  },
  {
    "name": "Misery Mire Big Key",
    "type": "toggle",
    "loop": "true",
    "img": "images/BigKey.png",
    "codes": "mm_bigkey"
  },
  {
    "name": "Misery Mire Small Key",
    "type": "consumable",
    "img": "images/SmallKey2.png",
    "codes": "mm_smallkey",
    "max_quantity": 3
  },
  {
    "name": "Turtle Rock Big Key",
    "type": "toggle",
    "loop": "true",
    "img": "images/BigKey.png",
    "codes": "tr_bigkey"
  },
  {
    "name": "Turtle Rock Small Key",
    "type": "consumable",
    "img": "images/SmallKey2.png",
    "codes": "tr_smallkey",
    "max_quantity": 4
  },
  {
    "name": "Hyrule Castle Small Key",
    "type": "consumable",
    "img": "images/SmallKey2.png",
    "codes": "hc_smallkey",
    "max_quantity": 1
  },
  {
    "name": "Aganhim's Tower Small Key",
    "type": "consumable",
    "img": "images/SmallKey2.png",
    "codes": "at_smallkey",
    "max_quantity": 2
  },
  {
    "name": "Ganon's Tower Small Key",
    "type": "consumable",
    "img": "images/SmallKey2.png",
    "codes": "gt_smallkey",
    "max_quantity": 4
  },
  {
    "name": "Ganon's Tower Big Key",
    "type": "toggle",
    "loop": "true",
    "img": "images/BigKey.png",
    "codes": "gt_bigkey"
  },

  // SM keys
  {
    "name": "Crateria Key 1",
    "type": "toggle",
    "loop": "true",
    "img": "images/sm_keycard_level1.png",
    "codes": "crateria_key1"
  },
  {
    "name": "Crateria Key 2",
    "type": "toggle",
    "loop": "true",
    "img": "images/sm_keycard_level2.png",
    "codes": "crateria_key2"
  },
  {
    "name": "Crateria Boss Key",
    "type": "toggle",
    "loop": "true",
    "img": "images/sm_keycard_boss.png",
    "codes": "crateria_bosskey"
  },
  {
    "name": "Brinstar Key 1",
    "type": "toggle",
    "loop": "true",
    "img": "images/sm_keycard_level1.png",
    "codes": "brinstar_key1"
  },
  {
    "name": "Brinstar Key 2",
    "type": "toggle",
    "loop": "true",
    "img": "images/sm_keycard_level2.png",
    "codes": "brinstar_key2"
  },
  {
    "name": "Brinstar Boss Key",
    "type": "toggle",
    "loop": "true",
    "img": "images/sm_keycard_boss.png",
    "codes": "brinstar_bosskey"
  },
  {
    "name": "Upper Norfair Key 1",
    "type": "toggle",
    "loop": "true",
    "img": "images/sm_keycard_level1.png",
    "codes": "un_key1"
  },
  {
    "name": "Upper Norfair Key 2",
    "type": "toggle",
    "loop": "true",
    "img": "images/sm_keycard_level2.png",
    "codes": "un_key2"
  },
  {
    "name": "Upper Norfair Boss Key",
    "type": "toggle",
    "loop": "true",
    "img": "images/sm_keycard_boss.png",
    "codes": "un_bosskey"
  },
  {
    "name": "Maridia Key 1",
    "type": "toggle",
    "loop": "true",
    "img": "images/sm_keycard_level1.png",
    "codes": "maridia_key1"
  },
  {
    "name": "Maridia Key 2",
    "type": "toggle",
    "loop": "true",
    "img": "images/sm_keycard_level2.png",
    "codes": "maridia_key2"
  },
  {
    "name": "Maridia Boss Key",
    "type": "toggle",
    "loop": "true",
    "img": "images/sm_keycard_boss.png",
    "codes": "maridia_bosskey"
  },
  {
    "name": "Wrecked Ship Key 1",
    "type": "toggle",
    "loop": "true",
    "img": "images/sm_keycard_level1.png",
    "codes": "ws_key1"
  },
  {
    "name": "Wrecked Ship Boss Key",
    "type": "toggle",
    "loop": "true",
    "img": "images/sm_keycard_boss.png",
    "codes": "ws_bosskey"
  },
  {
    "name": "Lower Norfair Key 1",
    "type": "toggle",
    "loop": "true",
    "img": "images/sm_keycard_level1.png",
    "codes": "ln_key1"
  },
  {
    "name": "Lower Norfair Boss Key",
    "type": "toggle",
    "loop": "true",
    "img": "images/sm_keycard_boss.png",
    "codes": "ln_bosskey"
  },

  // Generic keys for capture.
  {
    "name": "Generic Small Key",
    "type": "static",
    "img": "images/SmallKey2.png",
    "codes": "generic_smallkey",
    "capturable": true
  },
  {
    "name": "Generic Big Key",
    "type": "static",
    "img": "images/BigKey.png",
    "codes": "generic_bigkey",
    "capturable": true
  },
  {
    "name": "Generic Level 1 Keycard",
    "type": "static",
    "img": "images/sm_keycard_level1.png",
    "codes": "generic_l1_keycard",
    "capturable": true
  },
  {
    "name": "Generic Level 2 Keycard",
    "type": "static",
    "img": "images/sm_keycard_level2.png",
    "codes": "generic_l2_keycard",
    "capturable": true
  },
  {
    "name": "Generic Boss Keycard",
    "type": "static",
    "img": "images/sm_keycard_boss.png",
    "codes": "generic_boss_keycard",
    "capturable": true
  }
]
